id,name,age,grade,address
1,Chris Allen,17.0,A,"1780 Main St, Atlanta, GA"
2,Emily Clark,21.0,A,"7189 Cherry Ave, New York, NY"
3,Daniel Pereira,19.0,C,"6793 Spruce Rd, Nashville, TN"
4,Ava Pereira,20.0,B,"8956 Walnut St, Boston, MA"
5,Henry Santos,21.0,A,
6,Amelia Hall,19.0,B,"3705 Elm Rd, Birmingham, AL"
7,Laura Miller,19.0,B,"557 Sunset St, Nashville, TN"
8,Lucas Lee,21.0,B,"4288 Maple St, Nashville, TN"
9,Bob Wilson,18.0,B,"2797 Walnut Ave, Seattle, WA"
10,Evelyn Martin,18.0,B,"1238 Jefferson St, Nashville, TN"
11,Emily Lewis,22.0,A,"9742 Jackson Rd, Seattle, WA"
12,Harper Rodriguez,18.0,A,"517 Cherry Dr, Huntsville, AL"
13,Jane Martinez,22.0,B,"9960 Cherry Ave, Tuscaloosa, AL"
14,Mateo Flores,21.0,C,"1669 Ridge Ave, Montgomery, AL"
15,Liam Lee,17.0,A,"6715 Jefferson Dr, New York, NY"
16,Ana Hall,19.0,B,"8859 Hill Dr, Mobile, AL"
17,Evelyn Jackson,23.0,A,"4882 Lake St, Tuscaloosa, AL"
18,Julia Hall,18.0,C,"6447 Adams Ln, Boston, MA"
19,Michael Robinson,20.0,A,"8053 Cedar St, Nashville, TN"
20,Ava Davis,21.0,B,"72 Cherry St, Mobile, AL"
21,Michael Martinez,22.0,B,"9843 Spruce Ave, Birmingham, AL"
22,Chris Hall,20.0,A,"431 Washington Ave, Dallas, TX"
23,Chris Hall,19.0,D,"4791 Pine Rd, Boston, MA"
24,Logan Walker,23.0,C,"1902 Sunset Ct, Atlanta, GA"
25,Sarah Miller,24.0,B,"7725 Spruce Dr, Mobile, AL"
26,John Clark,,D,"1503 Jefferson Rd, Huntsville, AL"
27,Mateo Walker,21.0,C,"6088 Walnut Blvd, Huntsville, AL"
28,Mia Wilson,19.0,B,"7313 Oak Blvd, Orlando, FL"
29,Laura Miller,19.0,B,"7629 Hill Ave, Boston, MA"
30,Olivia King,22.0,B,"4410 Adams St, Huntsville, AL"
31,Mateo Marques,21.0,C,"1594 Pine Dr, Nashville, TN"
32,Ana Gomez,23.0,A,"8881 Cherry Ct, Chicago, IL"
33,Elijah Wilson,,A,"3737 Jefferson St, Boston, MA"
34,Jane Miller,17.0,B,"6352 Madison Rd, Miami, FL"
35,Benjamin Marques,23.0,B,"7789 Adams Ave, Orlando, FL"
36,Michael Rodriguez,18.0,D,"4906 Pine Rd, New York, NY"
37,Henry Smith,20.0,A,"578 Madison Ln, New York, NY"
38,James Young,21.0,C,"8477 Adams Dr, Chicago, IL"
39,Henry Miller,25.0,F,"2425 Maple Ct, Orlando, FL"
40,Ana Thompson,27.0,D,"2842 Elm Ave, San Francisco, CA"
41,Pedro Silva,,A,"3167 Cedar St, Atlanta, GA"
42,Daniel Hall,,B,"1293 Cherry Ave, Boston, MA"
43,Daniel Taylor,22.0,A,"2432 Jackson Blvd, Nashville, TN"
44,Mia Clark,22.0,C,"1107 Pine Rd, Miami, FL"
45,Mia Flores,20.0,B,"6520 Jefferson Blvd, Boston, MA"
46,Chris Davis,24.0,B,"4535 Madison Rd, New York, NY"
47,Daniel King,21.0,A,"212 Jackson Ln, Miami, FL"
48,Mia Young,22.0,A,"6884 Maple Rd, Huntsville, AL"
49,Isabella Torres,22.0,B,"2438 Adams Ln, Chicago, IL"
50,Emily Walker,21.0,A,"1651 Maple Ln, San Francisco, CA"
51,Noah Thompson,22.0,B,"1664 Sunset Ct, Miami, FL"
52,Mariana White,19.0,B,"5643 Cherry Blvd, Atlanta, GA"
53,Camila Wilson,19.0,B,"7965 Adams Ln, Orlando, FL"
54,Laura Clark,18.0,B,"623 Elm Blvd, Atlanta, GA"
55,John Allen,21.0,C,"2366 Jackson Ln, Dallas, TX"
56,Amelia Hall,22.0,A,"6591 Oak Rd, New York, NY"
57,Amelia Wright,21.0,D,"5441 Lake St, Seattle, WA"
58,Amelia King,24.0,C,"7795 Hill Blvd, Tuscaloosa, AL"
59,Laura Clark,20.0,A,"5545 Sunset Blvd, Mobile, AL"
60,Logan White,22.0,A,"8064 Maple Ct, Montgomery, AL"
61,Gabriel Rodriguez,18.0,B,
62,Olivia Allen,20.0,A,"5267 Hill Dr, Atlanta, GA"
63,Logan Robinson,22.0,B,"9921 Pine Ave, Orlando, FL"
64,Mariana Pereira,22.0,C,"3473 Cherry Dr, Orlando, FL"
65,Ava Rodriguez,20.0,C,"8472 Park Ct, Tuscaloosa, AL"
66,Henry Martinez,20.0,D,"8452 Elm St, Mobile, AL"
67,Harper Walker,17.0,A,"8313 Walnut Ave, San Francisco, CA"
68,David Pereira,20.0,B,
69,Ethan Santos,22.0,C,"3168 Washington Ct, Tuscaloosa, AL"
70,Olivia Marques,22.0,C,"4097 Oak Rd, Tuscaloosa, AL"
71,Jane Scott,22.0,A,"5914 Washington Blvd, Nashville, TN"
72,Sophia Wright,21.0,B,"7615 Madison Rd, Dallas, TX"
73,James Davis,21.0,A,"2039 Main Ave, Nashville, TN"
74,Elijah Flores,19.0,B,"8018 Jackson Rd, Huntsville, AL"
75,Laura Clark,22.0,A,"7785 Adams Ln, Nashville, TN"
76,Ava Garcia,21.0,F,"5650 Elm Ct, New York, NY"
77,Chris King,22.0,C,"4247 Pine Blvd, Tuscaloosa, AL"
78,Henry Davis,19.0,A,"6343 Oak Ave, Boston, MA"
79,Mateo Torres,17.0,D,"9385 Washington Ct, Montgomery, AL"
80,Julia Allen,23.0,D,"3698 Washington Blvd, Dallas, TX"
81,Rafael Gomez,19.0,B,"6719 Madison St, Boston, MA"
82,Elijah Santos,19.0,C,"155 Spruce Ave, Dallas, TX"
83,Alice Walker,22.0,B,"2847 Jackson Ct, Tuscaloosa, AL"
84,Rafael Miller,20.0,F,"3676 Hill Ln, San Francisco, CA"
85,Sarah Thompson,,A,"5014 Hill Rd, New York, NY"
86,Benjamin Thomas,22.0,A,"6178 Park Rd, Mobile, AL"
87,Alice Pereira,22.0,A,"3585 Highland Blvd, Dallas, TX"
88,Harper Lewis,,C,"8540 Jackson Rd, Chicago, IL"
89,Evelyn Wilson,23.0,A,"1686 Main Ln, Dallas, TX"
90,John Wilson,21.0,B,"6141 Jefferson Dr, Chicago, IL"
91,Noah Martin,20.0,B,"9988 Sunset Blvd, Dallas, TX"
92,Lucas Silva,21.0,F,"1781 Spruce St, Nashville, TN"
93,Ana Pereira,17.0,A,"4539 Ridge Ct, Mobile, AL"
94,Liam Wright,21.0,A,"4288 Sunset Ave, Huntsville, AL"
95,Charlotte Allen,18.0,A,"8485 Lake St, San Francisco, CA"
96,Camila Gomez,18.0,C,"9840 Walnut Dr, Nashville, TN"
97,Chris Lee,17.0,C,"2302 Main Dr, Orlando, FL"
98,Jane Torres,23.0,C,"4853 Hill Rd, Atlanta, GA"
99,Sarah Robinson,19.0,A,"6371 Oak Ln, Seattle, WA"
100,Elijah Miller,24.0,A,"9382 Washington Blvd, Seattle, WA"
101,David Anderson,19.0,A,"3653 Jefferson Dr, San Francisco, CA"
102,Benjamin Clark,17.0,A,"7804 Park Ln, Mobile, AL"
103,Amelia Scott,18.0,C,"2795 Jefferson Ave, Mobile, AL"
104,Sophia Silva,23.0,B,"1609 Spruce Ave, Seattle, WA"
105,Gabriel Lee,,A,
106,Gabriel Wilson,,A,"3009 Ridge Dr, Birmingham, AL"
107,Mateo Wright,21.0,B,"3651 Park Ave, Seattle, WA"
108,Logan Davis,22.0,B,"5041 Cherry Ct, New York, NY"
109,Isabella Johnson,23.0,B,"5438 Park Blvd, Chicago, IL"
110,David Doe,24.0,F,"4827 Highland Ct, Birmingham, AL"
111,Amelia Wilson,20.0,A,"7719 Oak Ct, Dallas, TX"
112,Daniel Thompson,18.0,A,"9571 Adams Ln, Birmingham, AL"
113,Beatriz Jackson,20.0,A,"7746 Washington Ln, Birmingham, AL"
114,Ana Thomas,21.0,A,
115,Amelia Marques,18.0,A,"895 Cedar Ave, Montgomery, AL"
116,Evelyn Scott,18.0,C,"5624 Cherry Ln, New York, NY"
117,Liam Allen,21.0,C,"7506 Cedar Blvd, Boston, MA"
118,Olivia Jackson,20.0,C,"2964 Pine Rd, Nashville, TN"
119,Evelyn Allen,21.0,A,"2907 Ridge Dr, Tuscaloosa, AL"
120,Jane White,19.0,C,"87 Highland Blvd, Montgomery, AL"
121,Mateo King,20.0,B,"2772 Adams Ct, Huntsville, AL"
122,Henry Smith,19.0,A,"8031 Pine Ave, Chicago, IL"
123,Sophia Harris,22.0,A,"7115 Cherry Rd, Atlanta, GA"
124,Mia Davis,23.0,B,"7831 Walnut St, Tuscaloosa, AL"
125,Pedro Wilson,17.0,B,"8755 Washington Dr, Nashville, TN"
126,Rafael Jackson,19.0,C,"240 Ridge Ct, Boston, MA"
127,Charlotte Rodriguez,17.0,A,"8710 Washington St, Dallas, TX"
128,Ethan Scott,19.0,F,"77 Lake Ave, Seattle, WA"
129,David Garcia,20.0,A,"5651 Sunset Ave, Birmingham, AL"
130,Mariana Silva,17.0,B,"6294 Madison Ln, Mobile, AL"
131,Logan Hall,19.0,B,"2746 Pine Ct, Tuscaloosa, AL"
132,Harper Moore,18.0,C,"4895 Sunset Rd, Seattle, WA"
133,Benjamin Lee,21.0,A,"8534 Jackson Ln, Nashville, TN"
134,Camila Jackson,21.0,B,"7115 Cedar Blvd, New York, NY"
135,Isabella Miller,19.0,C,"8041 Park Ct, Montgomery, AL"
136,Laura Rodriguez,21.0,A,"2711 Walnut St, Montgomery, AL"
137,David Thompson,19.0,A,"3685 Cedar Ave, Seattle, WA"
138,Isabella Moore,20.0,C,"369 Adams Ln, Huntsville, AL"
139,Olivia Walker,24.0,F,"2027 Park Dr, Dallas, TX"
140,Chris Gomez,23.0,A,"622 Walnut Dr, Mobile, AL"
141,Henry Young,18.0,C,"8771 Jackson St, Chicago, IL"
142,Laura Pereira,22.0,B,"795 Maple Dr, Boston, MA"
143,Henry King,22.0,B,"333 Oak Dr, Birmingham, AL"
144,Olivia Flores,18.0,B,"6838 Highland Rd, Birmingham, AL"
145,Rafael Jackson,22.0,B,"8976 Hill Rd, Seattle, WA"
146,Ana Thomas,24.0,A,"2518 Washington Dr, Dallas, TX"
147,Mariana Robinson,18.0,C,"162 Sunset Rd, Dallas, TX"
148,Laura Jackson,,A,"1664 Madison Blvd, Chicago, IL"
149,Logan Wright,23.0,A,"9932 Cedar Rd, Boston, MA"
150,Bob Lee,21.0,D,"1728 Madison Dr, Chicago, IL"
151,John Flores,22.0,B,"1938 Sunset St, San Francisco, CA"
152,Laura White,21.0,A,"1751 Spruce Ave, Chicago, IL"
153,Henry Marques,21.0,D,"3282 Hill Ct, Miami, FL"
154,Lucas Flores,18.0,C,"3314 Park Dr, Atlanta, GA"
155,Elijah Flores,,B,"4849 Elm St, Miami, FL"
156,Elijah Wright,23.0,A,"8142 Washington Dr, New York, NY"
157,Mariana Thomas,20.0,B,"7885 Ridge Ave, Tuscaloosa, AL"
158,Michael Pereira,20.0,A,"218 Pine St, Boston, MA"
159,Jane Martin,17.0,B,"9416 Spruce Ave, Birmingham, AL"
160,James Johnson,22.0,C,"8393 Pine Dr, Seattle, WA"
161,Mia Martin,22.0,B,
162,Rafael Robinson,20.0,A,"7493 Sunset Blvd, Orlando, FL"
163,Daniel Scott,23.0,C,"830 Maple Ct, Huntsville, AL"
164,Pedro Flores,20.0,A,"656 Sunset Blvd, San Francisco, CA"
165,Ana Gomez,,A,"5133 Cherry Dr, Birmingham, AL"
166,David Pereira,18.0,A,"1566 Oak St, Boston, MA"
167,David Martinez,20.0,A,"2277 Elm Blvd, Nashville, TN"
168,Rafael Walker,20.0,D,"7181 Jackson Blvd, New York, NY"
169,Rafael Johnson,21.0,A,"1532 Park Ct, Nashville, TN"
170,Mateo Santos,20.0,B,"3006 Maple Rd, Atlanta, GA"
171,Sophia King,20.0,A,"7489 Hill Ct, Atlanta, GA"
172,Sarah Thompson,22.0,A,"7845 Cherry Dr, New York, NY"
173,Isabella Johnson,20.0,B,"2742 Maple Ave, Seattle, WA"
174,Mateo Garcia,17.0,B,"970 Elm St, Atlanta, GA"
175,Benjamin Miller,24.0,A,"9688 Spruce Ct, Chicago, IL"
176,Mateo Moore,23.0,A,"7188 Elm Ln, Atlanta, GA"
177,Ava Harris,18.0,A,"5885 Jackson St, Boston, MA"
178,Julia Lee,22.0,A,"2150 Spruce Rd, Birmingham, AL"
179,Evelyn Thomas,19.0,D,"6748 Highland St, Birmingham, AL"
180,Laura Harris,21.0,B,"4296 Ridge St, Seattle, WA"
181,Sophia Brown,21.0,B,"8608 Adams Dr, Chicago, IL"
182,Pedro Lee,20.0,C,"3679 Ridge Ln, Miami, FL"
183,Rafael Martinez,19.0,C,"1570 Cherry Dr, Seattle, WA"
184,Rafael Thomas,,F,"4082 Spruce Blvd, Dallas, TX"
185,Logan Robinson,19.0,C,"6315 Cedar Ct, Boston, MA"
186,James Pereira,19.0,B,"9157 Jackson St, Tuscaloosa, AL"
187,Mia Gomez,20.0,B,"2581 Madison Ct, Orlando, FL"
188,Sarah Taylor,19.0,B,"8133 Elm St, San Francisco, CA"
189,Elijah Brown,22.0,D,"8065 Ridge Ave, Nashville, TN"
190,Mia Taylor,24.0,B,"4567 Oak Ln, Montgomery, AL"
191,Laura Thompson,19.0,B,"9029 Walnut Rd, Boston, MA"
192,Chris Rodriguez,21.0,A,"3860 Pine Rd, Orlando, FL"
193,Ava Allen,22.0,A,"9398 Highland St, Boston, MA"
194,Mariana Anderson,21.0,A,"8176 Highland Blvd, Birmingham, AL"
195,Pedro Martinez,21.0,D,"8158 Main St, Atlanta, GA"
196,Elijah Hall,22.0,C,
197,Mateo Davis,,A,"12 Pine Ct, Chicago, IL"
198,Michael Allen,18.0,F,"5000 Madison Ln, Montgomery, AL"
199,Lucas Martinez,22.0,B,"7484 Ridge Blvd, Boston, MA"
200,Charlotte Scott,22.0,C,"899 Lake Ct, Orlando, FL"
201,Mariana Rodriguez,19.0,F,"5449 Jefferson Ct, Chicago, IL"
202,Julia Smith,21.0,F,"9839 Spruce Dr, Dallas, TX"
203,Michael Scott,22.0,A,"5962 Highland St, Birmingham, AL"
204,Benjamin Davis,20.0,B,"3643 Main Blvd, Nashville, TN"
205,Rafael Allen,23.0,A,"4793 Jefferson Ln, Nashville, TN"
206,Sophia King,25.0,C,"1751 Oak Ave, Orlando, FL"
207,Sophia Flores,19.0,D,"2311 Cherry St, Mobile, AL"
208,Mia Rodriguez,18.0,A,"3219 Washington St, New York, NY"
209,James Lewis,21.0,F,"6447 Washington Rd, Boston, MA"
210,Ana Pereira,22.0,A,"3132 Ridge St, San Francisco, CA"
211,Laura Pereira,20.0,C,
212,Mariana Lewis,24.0,C,"9657 Maple Ct, New York, NY"
213,Bob Johnson,18.0,B,"7391 Highland Dr, Chicago, IL"
214,Sarah Scott,22.0,C,"8270 Cedar Rd, Tuscaloosa, AL"
215,Jane Moore,19.0,C,"8699 Oak Ln, New York, NY"
216,Daniel Wright,24.0,A,"7101 Adams Rd, New York, NY"
217,Camila Smith,,B,"8338 Elm Dr, Chicago, IL"
218,Evelyn White,19.0,C,"2855 Cedar St, Atlanta, GA"
219,Laura Clark,19.0,C,"9849 Jackson Blvd, Miami, FL"
220,Daniel Martinez,22.0,D,"6312 Cherry Ln, New York, NY"
221,Michael Walker,20.0,A,"4077 Hill Rd, Nashville, TN"
222,Noah Miller,20.0,C,"4829 Highland Ct, Huntsville, AL"
223,Charlotte Thomas,21.0,D,"2273 Cherry Ln, Seattle, WA"
224,Bob Allen,17.0,B,"8403 Sunset Ct, Seattle, WA"
225,Isabella Martin,20.0,B,"8985 Ridge Dr, Seattle, WA"
226,Evelyn Miller,19.0,A,"9079 Washington Ave, Montgomery, AL"
227,Sarah Smith,19.0,F,"4770 Park Dr, Huntsville, AL"
228,Sophia Torres,24.0,D,"2923 Madison Ln, Seattle, WA"
229,Emily Taylor,18.0,B,"5291 Maple Ct, Nashville, TN"
230,Julia Martin,22.0,A,"9222 Spruce Ln, Chicago, IL"
231,Beatriz Wright,20.0,B,"6849 Jefferson Blvd, New York, NY"
232,John Smith,20.0,A,"6930 Main Ln, Birmingham, AL"
233,Amelia Moore,22.0,A,
234,Evelyn Taylor,21.0,A,"937 Washington Blvd, San Francisco, CA"
235,Gabriel Davis,22.0,B,"2646 Sunset Dr, Mobile, AL"
236,Liam Hall,23.0,A,"2409 Oak Dr, San Francisco, CA"
237,Michael Wilson,20.0,D,"4845 Washington Ct, Miami, FL"
238,Sarah Rodriguez,19.0,A,"539 Park Ct, Orlando, FL"
239,Charlotte Clark,18.0,A,"1689 Jackson Ct, Dallas, TX"
240,Laura Hall,19.0,C,"9215 Lake Dr, Dallas, TX"
241,Laura Anderson,27.0,D,"9205 Walnut Ave, Miami, FL"
242,Emily Silva,23.0,C,"4722 Oak Rd, Atlanta, GA"
243,Pedro Smith,18.0,B,"6835 Ridge Ln, Tuscaloosa, AL"
244,Daniel Wright,18.0,A,"222 Hill Ave, Chicago, IL"
245,Benjamin Harris,22.0,B,"7269 Lake Dr, Seattle, WA"
246,Chris Young,22.0,D,"6035 Adams Ln, Seattle, WA"
247,Mateo Harris,22.0,C,
248,Michael Wilson,20.0,C,"3180 Sunset Rd, Huntsville, AL"
249,Laura Moore,20.0,C,"1230 Elm Ave, Seattle, WA"
250,Julia Hall,21.0,F,"8428 Maple Rd, Tuscaloosa, AL"
251,Benjamin King,21.0,B,"7030 Hill Ln, Mobile, AL"
252,Logan Taylor,17.0,D,"2141 Elm Ln, Boston, MA"
253,Ava Martinez,20.0,B,"4188 Main Blvd, Orlando, FL"
254,Michael Thompson,19.0,A,"2546 Oak Ave, New York, NY"
255,Ana Robinson,21.0,A,"5295 Jackson St, San Francisco, CA"
256,Jane Clark,27.0,A,"4944 Spruce Ct, Chicago, IL"
257,Sophia Silva,21.0,A,"9023 Park St, San Francisco, CA"
258,Lucas White,20.0,D,"5217 Madison Ave, Huntsville, AL"
259,Harper Robinson,22.0,C,"8539 Pine Ct, Miami, FL"
260,Bob Thompson,22.0,F,"2621 Cherry Ln, Miami, FL"
261,Mariana Hall,21.0,B,"6619 Pine Blvd, Montgomery, AL"
262,David Thompson,22.0,A,"3505 Ridge Blvd, Nashville, TN"
263,Mariana Davis,25.0,F,"4819 Washington Ct, Chicago, IL"
264,Beatriz Smith,18.0,C,"8701 Spruce Ln, Boston, MA"
265,Charlotte Rodriguez,,D,"154 Maple Dr, Nashville, TN"
266,Laura Hall,19.0,C,"7311 Lake Dr, Chicago, IL"
267,Pedro Young,22.0,A,"4004 Oak Dr, New York, NY"
268,Charlotte Santos,19.0,B,"5268 Walnut Ct, Birmingham, AL"
269,Olivia Torres,20.0,A,"6332 Hill Ln, Seattle, WA"
270,Emily Doe,20.0,A,"4643 Main Ln, Boston, MA"
271,Julia Davis,23.0,C,"6153 Madison Ct, Miami, FL"
272,John Garcia,22.0,A,"7310 Spruce St, Mobile, AL"
273,Sophia Johnson,18.0,C,
274,Bob Allen,21.0,D,
275,Lucas Robinson,,D,"8746 Main Dr, Birmingham, AL"
276,Lucas Young,18.0,B,"3463 Washington Ct, Dallas, TX"
277,Evelyn Allen,20.0,F,"6960 Maple Ave, Miami, FL"
278,Michael Santos,20.0,F,"7140 Pine Dr, Dallas, TX"
279,Rafael Anderson,26.0,A,"2529 Main Rd, Seattle, WA"
280,Mia Miller,21.0,B,"5444 Oak St, Birmingham, AL"
281,Isabella Miller,18.0,D,"899 Elm Ct, Mobile, AL"
282,Lucas Harris,19.0,F,"9153 Pine Ln, Boston, MA"
283,Chris Santos,23.0,A,"3739 Hill Rd, Atlanta, GA"
284,Logan Allen,25.0,B,"7401 Walnut Rd, Nashville, TN"
285,Julia Davis,17.0,D,"286 Walnut Dr, Birmingham, AL"
286,Isabella King,17.0,A,"8772 Main Dr, Seattle, WA"
287,Ava Brown,24.0,C,"1046 Adams St, Seattle, WA"
288,Ava Miller,21.0,A,"1199 Park Ln, Birmingham, AL"
289,Evelyn Moore,19.0,F,"4758 Sunset Ln, Birmingham, AL"
290,Camila Brown,,A,"4622 Highland Rd, Atlanta, GA"
291,Isabella Jackson,17.0,D,"514 Spruce Ave, Miami, FL"
292,David Smith,21.0,A,"3612 Cedar Dr, Atlanta, GA"
293,Laura Smith,21.0,C,"8951 Sunset Dr, Huntsville, AL"
294,Daniel Flores,22.0,B,"4893 Park St, Miami, FL"
295,Benjamin Silva,,D,"9104 Cedar St, Tuscaloosa, AL"
296,Beatriz Garcia,21.0,B,"92 Adams Ln, Atlanta, GA"
297,Daniel Walker,19.0,A,"8810 Jefferson St, Mobile, AL"
298,Laura Martinez,21.0,A,"3451 Park Ave, Atlanta, GA"
299,David Doe,19.0,A,"8407 Cedar Ave, Huntsville, AL"
300,Amelia King,20.0,A,"3627 Jackson Ct, Mobile, AL"
301,Ana Robinson,21.0,A,"5295 Jackson St, San Francisco, CA"
302,Amelia King,24.0,C,"7795 Hill Blvd, Tuscaloosa, AL"
303,John Flores,22.0,B,"1938 Sunset St, San Francisco, CA"
304,Harper Walker,17.0,A,"8313 Walnut Ave, San Francisco, CA"
305,Amelia Marques,18.0,A,"895 Cedar Ave, Montgomery, AL"
306,Isabella Miller,18.0,D,"899 Elm Ct, Mobile, AL"
